City_ID,City,Country,Max Temp,Current Description,Lat,Lng,Hotel Name
0,Rikitea,PF,71.02,moderate rain,-23.1203,-134.9692,People ThankYou
4,Najran,SA,79.43,broken clouds,17.4924,44.1277,ŸÖÿ≠ŸÖÿØ ŸáÿßÿØŸä ÿßŸÑ ŸÅÿ∑Ÿäÿ≠
5,Hithadhoo,MV,81.95,broken clouds,-0.6,73.0833,Scoop Guest House
6,Natchez,US,75.42,moderate rain,31.5604,-91.4032,Hampton Inn & Suites Natchez
10,Ribeira Grande,PT,68.4,broken clouds,38.5167,-28.7,Quinta da Meia Eira
11,Chateaubelair,VC,78.19,overcast clouds,13.2833,-61.25,Richmond Vale Diving & Hiking Center
13,Georgetown,MY,76.93,moderate rain,5.4112,100.3354,Cititel Penang
16,Norman Wells,CA,74.19,light rain,65.282,-126.8329,Heritage Hotel
18,Southbridge,US,79.56,scattered clouds,42.0751,-72.0334,Southbridge Hotel & Conference Center
19,Balaipungut,ID,71.65,overcast clouds,1.05,101.2833,
20,Cape Town,ZA,65.12,clear sky,-33.9258,18.4232,"Radisson Blu Hotel Waterfront, Cape Town"
21,Vaini,TO,77.38,light rain,-21.2,-175.2,Keleti Beach Resort
24,Vila Velha,BR,70.95,clear sky,-20.3297,-40.2925,Hotel Vit√≥ria Palace
25,Arraial Do Cabo,BR,69.66,clear sky,-22.9661,-42.0278,Pousada Porto Praia
27,Catuday,PH,76.53,overcast clouds,16.2923,119.8062,Benjie's Kubo & Cottages
28,Jalgaon,IN,82.78,overcast clouds,21.0167,75.5667,Hotel Plaza
30,Avarua,CK,80.65,few clouds,-21.2078,-159.775,Paradise Inn
31,Torbay,CA,70.57,scattered clouds,47.6666,-52.7314,Gallows Cove
34,Lorengau,PG,84.52,overcast clouds,-2.0226,147.2712,Lorengau Harbourside Hotel
35,Victoria,HK,82.33,heavy intensity rain,22.2855,114.1577,Mini Central
37,Puerto Ayora,EC,69.55,broken clouds,-0.7393,-90.3518,Finch Bay Galapagos Hotel
45,Naze,JP,79.72,broken clouds,28.3667,129.4833,Shishime Hotel
49,Jamestown,US,70.52,light rain,42.097,-79.2353,Hampton Inn & Suites Jamestown
53,Inirida,CO,74.86,light rain,3.8653,-67.9239,Fuente del Guania Hotel de Lujo
54,San Cristobal,VE,68.18,moderate rain,7.7669,-72.225,Pirineos
57,Kapaa,US,84.18,broken clouds,22.0752,-159.319,Sheraton Kauai Coconut Beach Resort
58,Daru,PG,80.58,broken clouds,-9.0763,143.2092,Daru Lodge
60,Ahuimanu,US,81.86,light rain,21.4447,-157.8378,Paradise Bay Resort
62,Yuancheng,CN,69.69,clear sky,36.652,107.7896,
67,Mao,ES,72.16,clear sky,39.8885,4.2658,ARTIEM Capri
68,Samarai,PG,82.0,broken clouds,-10.6167,150.6667,Nuli Sapi
69,Bamut,RU,65.71,scattered clouds,43.1599,45.1973,
70,Soe,ID,66.04,overcast clouds,-9.8607,124.284,Dena Hotel
73,Humaita,BR,78.35,broken clouds,-7.5061,-63.0208,Corr√™a Hotel
75,Nouadhibou,MR,68.97,clear sky,20.931,-17.0347,El Medina
81,Korla,CN,80.01,clear sky,41.7597,86.1469,Gulisitan Hotel
82,Lusambo,CD,68.63,scattered clouds,-4.9667,23.45,
84,Faanui,PF,79.88,clear sky,-16.4833,-151.75,Bora-Bora Pearl Beach Resort & Spa
85,Limoux,FR,66.54,light rain,42.9167,2.1667,Vayamundo l'Espinet
88,Ust-Karsk,RU,77.79,few clouds,52.7011,118.8077,
90,Sal Rei,CV,72.18,scattered clouds,16.1833,-22.9167,Marine Club Beach Resort
94,Butaritari,KI,80.76,overcast clouds,3.0707,172.7902,Isles Sunset Lodge
96,Vila Franca Do Campo,PT,67.19,clear sky,37.7167,-25.4333,Pestana Bahia Praia
102,Talara,PE,66.96,broken clouds,-4.5772,-81.2719,Hostal Oro Negro
104,Eganville,CA,69.51,scattered clouds,45.5334,-77.0994,Egan Inn
107,Hambantota,LK,79.81,overcast clouds,6.1241,81.1185,Bungalow 63
108,Bonfim,BR,75.22,overcast clouds,3.0833,-59.95,
111,Mananjary,MG,65.82,light rain,-21.2167,48.3333,Vahiny Lodge
112,Neyshabur,IR,82.29,clear sky,36.2133,58.7958,Amiran Hotel & Commercial Complex
114,Katsuura,JP,79.47,overcast clouds,35.1333,140.3,Katsuura Hotel Mikazuki
115,Kirakira,SB,83.75,scattered clouds,-10.4544,161.9205,SanBiz Lodge
120,Zhanaozen,KZ,74.7,clear sky,43.3,52.8,K.korabay 28A
123,Cockburn Town,TC,82.65,few clouds,21.4612,-71.1419,Osprey Beach Hotel
126,Luwuk,ID,78.89,broken clouds,-0.9516,122.7875,Hotel Santika Luwuk
127,Lingao,CN,80.64,overcast clouds,19.9103,109.6859,Lingao Ditai Inn
130,Tateyama,JP,76.87,overcast clouds,34.9833,139.8667,Tateyama Seaside Hotel
132,Mahebourg,MU,66.49,broken clouds,-20.4081,57.7,Shandrani Beachcomber Resort & Spa
133,Mitsamiouli,KM,75.54,overcast clouds,-11.3847,43.2844,Foyer ADM
134,Alibag,IN,78.87,overcast clouds,18.6411,72.8792,"Radisson Blu Resort & Spa - Alibaug, India"
135,Isangel,VU,74.75,scattered clouds,-19.55,169.2667,Tanna Lodge
139,Cobija,BO,75.51,clear sky,-11.0267,-68.7692,Hotel Obelisco
140,Tongliao,CN,75.33,broken clouds,43.6125,122.2653,Meirujia Hotel
148,Caravelas,BR,68.58,clear sky,-17.7125,-39.2481,Pousada dos Navegantes
149,Azare,NG,81.48,overcast clouds,11.6765,10.1948,Mallam Ayuba Compound
153,Payo,ID,71.92,overcast clouds,-3.7508,103.6372,Mess keban agung
154,Portland,US,80.64,few clouds,45.5234,-122.6762,Embassy Suites by Hilton Portland Downtown
155,Fare,PF,79.99,clear sky,-16.7,-151.0167,Maitai Lapita Village Huahine
156,Port Blair,IN,81.88,overcast clouds,11.6667,92.75,"Welcomhotel By ITC Hotels, Bay Island, Port Blair"
158,Male,MV,81.07,heavy intensity rain,4.1748,73.5089,Hotel Octave Maldives
159,Bambous Virieux,MU,66.45,light rain,-20.3428,57.7575,Casa Tia Villa
160,Beyneu,KZ,71.02,clear sky,45.3167,55.2,NUR
161,Sumbe,AO,69.67,broken clouds,-11.2061,13.8437,Hotel Ritz Sumbe
162,Lima,PE,65.89,clear sky,-12.0432,-77.0282,Hotel Kamana
163,Madimba,TZ,68.85,broken clouds,-10.4,40.3333,
164,Atuona,PF,77.76,scattered clouds,-9.8,-139.0333,Villa Enata
168,Pacific Grove,US,81.25,few clouds,36.6177,-121.9166,Lovers Point Inn
169,Mitu,CO,73.4,broken clouds,1.1983,-70.1733,
171,North Myrtle Beach,US,80.69,few clouds,33.816,-78.68,Avista Resort
173,Yuncheng,CN,79.65,clear sky,35.0231,110.9928,ÊôãÂ∑ûÂø´Êç∑ÈÖíÂ∫ó
178,Manzhouli,CN,77.29,clear sky,49.6,117.4333,Angala International Youth Hostel
180,Berlevag,NO,71.4,few clouds,70.8578,29.0864,Kvitbrakka
181,Uhlove,UA,67.01,clear sky,44.8215,33.6045,Tavryda
183,Merauke,ID,78.73,few clouds,-8.4667,140.3333,
186,Meulaboh,ID,74.39,light rain,4.1363,96.1285,Kost Pria
188,Manggar,ID,79.02,overcast clouds,-2.8833,108.2667,Guest Hotel
189,Sabana De Torres,CO,81.21,scattered clouds,7.3915,-73.4957,Hotel el Milagro
190,Albany,US,75.06,overcast clouds,42.6001,-73.9662,
194,Shahr-E Babak,IR,79.84,few clouds,30.1165,55.1186,ÿ≥ŸÑÿßÿ∑€åŸÜ ŸÖÿ≥ Ÿà ŸÜŸÇÿ±Ÿá
196,Paka,MY,77.61,overcast clouds,4.6374,103.4368,RUMBIA RESORT VILLA Paka Terengganu
197,Nabire,ID,78.69,few clouds,-3.3667,135.4833,Hotel Nusantara I
198,Sokoni,TZ,76.75,few clouds,-6.4333,39.55,Ujamaa Beach Resort
200,Vao,NC,70.52,few clouds,-22.6667,167.4833,Hotel Kou-Bugny
202,Itarema,BR,78.3,scattered clouds,-2.9248,-39.9167,"Sea Lounge! Bar, Club & Restaurant"
204,Alugan,PH,79.72,overcast clouds,12.2188,125.4808,JM Lodge
206,Akyab,MM,80.82,overcast clouds,20.15,92.9,Hotel Memory
207,Hami,CN,79.68,clear sky,42.8,93.45,Laoyutang Resort
212,Banjar,ID,75.97,broken clouds,-8.19,114.9675,The Hamsa Resort
219,Sao Filipe,CV,73.96,broken clouds,14.8961,-24.4956,Hotel Xaguate
220,Sarkand,KZ,72.97,broken clouds,45.41,79.9186,–ì–æ—Å—Ç–∏–Ω–∏—Ü–∞ –°–∞—Ä–∫–∞–Ω–¥
221,Havelock,US,79.05,broken clouds,34.8791,-76.9013,Sherwood Motel
222,Ornskoldsvik,SE,65.35,overcast clouds,63.2909,18.7153,„Éï„Ç°„Éº„Çπ„Éà„Éõ„ÉÜ„É´ „Çπ„Çø„ÉÉ„Éà
223,Sao Joao Da Barra,BR,70.95,clear sky,-21.6403,-41.0511,Pousada Porto De Canoas
224,Matay,EG,81.7,clear sky,28.419,30.7792,Nag Aespen
226,Ponta Do Sol,PT,71.01,scattered clouds,32.6667,-17.1,Hotel do Campo
227,Mana,GF,72.79,light rain,5.6592,-53.7767,LE SAMANA
230,Ribnica,SI,66.09,clear sky,45.7386,14.7275,≈†krabec homestead
232,Souillac,MU,66.58,light rain,-20.5167,57.5167,Shanti Maurice Resort & Spa
236,Coruripe,BR,72.91,scattered clouds,-10.1256,-36.1756,Pousada e Hotel Litoral Sul
238,Hounde,BF,78.67,scattered clouds,11.5,-3.5167,Carrefour o√π ouvriers dorment
239,Gotsu,JP,81.34,clear sky,35.0,132.2167,Yurusato
240,Marzuq,YE,80.2,broken clouds,14.4,46.4667,
244,Rincon,US,79.86,broken clouds,32.296,-81.2354,Days Inn Rincon
248,Cairns,AU,77.07,overcast clouds,-16.9167,145.7667,Mantra Trilogy Cairns
249,Avon,US,82.78,few clouds,41.4517,-82.0354,Fairfield Inn & Suites by Marriott Cleveland Avon
250,Pemba,MZ,73.36,clear sky,-12.974,40.5178,Guesthouse Samotina
253,College,US,77.58,smoke,64.8569,-147.8028,Pike's Waterfront Lodge
255,Praia Da Vitoria,PT,66.76,clear sky,38.7333,-27.0667,Hotel Branco I
256,Mnogovershinnyy,RU,65.93,clear sky,53.9353,139.9242,Obshchezhitiye 14
257,Derveni,GR,75.81,clear sky,38.1333,22.4167,Vicky's Rooms Derveni
258,Esqueda,MX,72.5,broken clouds,30.7167,-109.5833,Hotel Esqueda
260,Ambulu,ID,73.29,overcast clouds,-8.345,113.6058,Hotel Ambulu Jember
263,Jiexiu,CN,71.83,few clouds,37.0244,111.9125,IU Hotel Jinzhong Yuhua Road
264,Avera,US,84.54,overcast clouds,33.194,-82.5271,
266,Kyabe,TD,73.6,light rain,9.4515,18.9449,
268,Kudahuvadhoo,MV,81.23,overcast clouds,2.6708,72.8944,Niyama Private Islands Maldives
269,Qinzhou,CN,80.1,overcast clouds,21.95,108.6167,Jinjiang Inn Style Qingzhou Walmart
271,Acajutla,SV,83.61,few clouds,13.5928,-89.8275,Laureles
274,Tongren,CN,76.62,scattered clouds,27.7172,109.1853,Fanjing Mountain International Conference Center
280,Ariquemes,BR,75.31,few clouds,-9.9133,-63.0408,Hotel Sol Nascente - Ariquemes - RO
281,Santo Tomas,PH,78.57,moderate rain,14.1079,121.1414,Microtel by Wyndham Batangas
282,Tautira,PF,78.33,light rain,-17.7333,-149.15,Pension Oaoa
284,Astara,AZ,66.4,clear sky,38.5,48.6667,
286,Bainbridge,US,70.63,broken clouds,47.6262,-122.5212,Bainbridge Island Country Inn
288,Lagoa,PT,65.3,clear sky,39.05,-27.9833,Casa Das Faias
289,Alyangula,AU,73.71,light rain,-13.8483,136.4192,Groote Eylandt Lodge
294,Trairi,BR,77.56,overcast clouds,-3.2778,-39.2689,janelas do mar
295,Jiaojiang,CN,82.0,overcast clouds,28.6803,121.4428,Fangyuan Hotel
296,Thinadhoo,MV,81.97,scattered clouds,0.5333,72.9333,
299,Bangassou,CF,68.31,scattered clouds,4.7413,22.8184,
300,Bathsheba,BB,79.75,light rain,13.2167,-59.5167,Atlantis Hotel
306,Auki,SB,84.16,clear sky,-8.7676,160.7034,Auki Motel
307,Alappuzha,IN,77.0,light rain,9.49,76.3264,Panoramic Sea Resort
308,Perivolion,GR,78.66,clear sky,39.4206,20.0147,Santa Maria
309,Hobyo,SO,76.6,few clouds,5.3505,48.5268,Iftin hotel hobyo
311,Fairbanks,US,77.59,smoke,64.8378,-147.7164,Westmark Fairbanks Hotel & Conference Center
313,Panama City,PA,82.29,broken clouds,8.9936,-79.5197,Trump International Hotel & Tower Panama
315,Sola,VU,80.37,scattered clouds,-13.8833,167.55,Leumerus Bungalows
320,Det Udom,TH,77.77,overcast clouds,14.906,105.0784,Chatsuda Resort
322,Shirgaon,IN,81.63,overcast clouds,19.7,72.7,"Samarth Krupa Farm, Palghar"
323,Banda Aceh,ID,79.39,overcast clouds,5.5577,95.3222,OYO 884 Rumoh PMI Hotel
326,Santa Isabel Do Rio Negro,BR,74.05,broken clouds,-0.4139,-65.0192,Hotel GSA
328,Bengkulu,ID,73.36,moderate rain,-3.8004,102.2655,Grage Hotel Bengkulu
329,Gizo,SB,83.64,clear sky,-8.103,156.8419,Imagination Island
330,Uruzgan,AF,78.13,clear sky,32.8333,66.0,
332,La Asuncion,VE,78.35,overcast clouds,11.0333,-63.8628,Colinas de Matasiete
335,Biak,ID,77.16,broken clouds,-0.9131,122.8766,Penginapan Kim
336,Popondetta,PG,84.15,scattered clouds,-8.7537,148.2534,Timos Transit House
339,Maumere,ID,78.35,overcast clouds,-8.6199,122.2111,Sylvia Hotel
341,Labuhan,ID,74.97,scattered clouds,-6.8844,112.2051,DoubleFAG
342,Homnabad,IN,73.2,overcast clouds,17.7667,77.1333,Marthand Vilas
346,Birjand,IR,79.16,clear sky,32.8663,59.2211,Birjand Tourist Hotel
347,Horadiz,AZ,76.41,clear sky,39.4488,47.3353,Horadiz Olympic Center
352,Yaan,NG,73.89,moderate rain,7.3833,8.5667,
354,Sibolga,ID,74.28,overcast clouds,1.7427,98.7792,Hotel Syariah CN Darussalam
355,Axim,GH,76.41,light rain,4.8699,-2.2405,Axim Beach Resort And Spa
356,Shu,KZ,77.36,broken clouds,43.5983,73.7614,Shyngyzkhan
358,Plainview,US,79.83,clear sky,40.7765,-73.4673,Four Points by Sheraton Melville Long Island
360,Bethel,US,80.64,scattered clouds,41.3712,-73.414,Courtyard by Marriott Danbury
361,Cap Malheureux,MU,69.48,overcast clouds,-19.9842,57.6142,Pereybere Hotel & Spa
364,Extremoz,BR,72.05,light rain,-5.7056,-35.3072,Pousada Tr√™s Coqueiros
365,Amahai,ID,79.52,broken clouds,-3.3333,128.9167,HOTEL ISABELA
366,Alofi,NU,82.29,broken clouds,-19.0595,-169.9187,Taloa Heights
367,Ust-Omchug,RU,67.73,overcast clouds,61.15,149.6333,
368,Guerrero Negro,MX,79.79,clear sky,27.9769,-114.0611,"Casa Laguna, Bed & Breakfast"
371,Half Moon Bay,US,79.54,mist,37.4636,-122.4286,"The Ritz-Carlton, Half Moon Bay"
372,Lakhimpur,IN,79.74,moderate rain,27.95,80.7667,Hotel Landmark Royale & Funn Mall Lakhimpur Kheri
373,Faya,SA,73.92,scattered clouds,18.3851,42.4509,ÿßŸÖŸÑÿßŸÉ ÿÆÿßŸÑÿØ ÿßŸÑÿ¥ÿπÿ¥Ÿàÿπ
376,Nha Trang,VN,84.2,overcast clouds,12.25,109.1833,Hanoi Golden Hotel
377,Yumen,CN,74.34,overcast clouds,40.2833,97.2,
378,Yatou,CN,72.72,overcast clouds,37.15,122.3833,GreenTree Hotel Rongcheng Bus Station
379,Kisangani,CD,69.42,broken clouds,0.5167,25.2,Grand Ramela Hotel
380,Winthrop,US,82.69,broken clouds,42.3751,-70.9828,Courtyard by Marriott Boston Logan Airport
381,Omboue,GA,71.37,overcast clouds,-1.5746,9.2618,Hotel Olako
383,Benguela,AO,69.48,clear sky,-12.5763,13.4055,Hotel Praia Morena
384,Oranjestad,AW,76.95,light rain,12.524,-70.027,Divi Village Golf & Beach Resort
388,Sinnamary,GF,73.9,overcast clouds,5.3833,-52.95,ALETHEIA Appartement Sinnamary
389,Puro,PH,80.44,overcast clouds,12.4841,123.3827,
390,Kununurra,AU,67.98,overcast clouds,-15.7667,128.7333,Hotel Kununurra
391,Kavieng,PG,82.02,light rain,-2.5744,150.7967,Nusa Island Retreat
400,Visby,SE,65.82,overcast clouds,57.6409,18.296,Best Western Solhem Hotel Visby
401,Waingapu,ID,76.84,scattered clouds,-9.6567,120.2641,Pondok Wisata Elim
404,Swamimalai,IN,82.09,overcast clouds,10.95,79.3333,Paradise Resort
407,Rexburg,US,82.38,clear sky,43.826,-111.7897,AmericInn by Wyndham Rexburg BYUI
409,Namibe,AO,67.14,broken clouds,-15.1961,12.1522,Hotel Chik Chik Namibe
413,Dingle,PH,79.23,overcast clouds,10.9995,122.6711,SEGAYA PROPERTY
414,Soyo,AO,72.19,overcast clouds,-6.1349,12.3689,Hospedaria ndozi'ame
415,San Matias,BO,72.28,clear sky,-16.3667,-58.4,"HOTEL ""SAN JOSE"""
416,Sambava,MG,68.79,light rain,-14.2667,50.1667,Melrose
417,Vung Tau,VN,81.72,overcast clouds,10.346,107.0843,Seaside Resort
419,Whitehorse,CA,72.1,light intensity shower rain,60.7161,-135.0538,The Sternwheeler Hotel & Conference Centre
420,Tambovka,RU,70.95,clear sky,50.0969,128.0489,Lyzhnaya Gorka
423,Jardim,BR,65.43,clear sky,-21.4803,-56.1381,Estancia Hotel - Jardim MS
425,Lewistown,US,83.08,clear sky,40.5992,-77.5714,Quality Inn & Suites
427,Tigil,RU,68.97,clear sky,57.8,158.6667,Tigil'
428,Bouna,CI,75.47,overcast clouds,9.2667,-3.0,H√¥tel lababa
430,Angoche,MZ,69.19,light rain,-16.2325,39.9086,Guest House HESADA
431,Buritis,BR,69.64,clear sky,-15.6178,-46.4233,Hotel Rainha do Vale
439,Paciran,ID,74.77,scattered clouds,-6.8767,112.3761,Tanjung Kodok Beach Resort
442,Tiarei,PF,80.62,light rain,-17.5333,-149.3333,Le Rocher de Tahiti
449,Port Moresby,PG,80.35,few clouds,-9.4431,147.1797,Lamana Hotel (Port Moresby)
453,Gat,IL,75.81,clear sky,31.61,34.7642,OlusHome
454,Razole,IN,82.85,overcast clouds,16.4833,81.8333,Sterling Palavelli Godavari
455,Los Llanos De Aridane,ES,67.75,overcast clouds,28.6585,-17.9182,Valle Aridane
456,Fort Nelson,CA,81.73,broken clouds,58.8053,-122.7002,The Fort Nelson Hotel
457,Cocobeach,GA,76.42,overcast clouds,1.0002,9.5823,Hotel Esperance
458,Hojai,IN,73.96,broken clouds,26.0,92.8667,Luxury park hotel
459,Kavaratti,IN,82.53,overcast clouds,10.5669,72.642,Hotels in Lakshadweep Islands
460,Montrose,US,81.81,few clouds,38.4166,-108.2673,
462,Dong Hoi,VN,82.54,moderate rain,17.4833,106.6,Nam Long Hotel
463,Salalah,OM,84.29,broken clouds,17.0151,54.0924,"HAMDAN PLAZA HOTEL SALALAH, an HTG Hotel"
464,Bairiki,KI,80.6,light rain,1.3292,172.9752,Tarawa Boutique Hotel
465,Miranda,CO,71.78,scattered clouds,3.2499,-76.2281,unidiversidad organica la utopia
466,Abrego,CO,65.77,overcast clouds,8.0807,-73.2205,Hotel Catatumbo
467,Westport,US,80.94,clear sky,41.1415,-73.3579,The Westport Inn
468,Umm Lajj,SA,83.43,broken clouds,25.0213,37.2685,Moon light Furnished Units
469,Mouila,GA,72.77,overcast clouds,-1.8685,11.0559,H√¥tel du Lac Bleu
473,Aksu,CN,79.07,few clouds,41.1231,80.2644,Pudong Holiday Hotel
474,Sioux Lookout,CA,65.8,moderate rain,50.1001,-91.917,Knobby's Fly-In Camps
476,San Quintin,MX,76.21,clear sky,30.4833,-115.95,Don Eddie's Sport Fishing Center
477,Cartagena Del Chaira,CO,74.07,broken clouds,1.3349,-74.8429,HOTEL LA ROCA
478,Porto Novo,BJ,76.86,light rain,6.4965,2.6036,Tour Eiffel Hotel Benin
481,Bela,IN,79.5,overcast clouds,25.9333,81.9833,Raj Bhawan
485,Topchanchi,IN,78.28,overcast clouds,23.9,86.2,Shaan-E-Punjab Hotel - Restaurant | Hotel in Topchachi Dhanbad
487,Bani Walid,LY,84.22,clear sky,31.7566,13.9942,ŸÖŸÜÿ≤ŸÑ ŸÖŸÅÿ™ÿßÿ≠ ŸÖÿ≠ŸÖÿØ ÿßŸÑÿ≤ŸÑÿ®Ÿä
488,Kota Belud,MY,78.31,overcast clouds,6.351,116.4305,Tang Dynasty Lodge Kota Belud
490,Bom Jesus,BR,74.01,few clouds,-9.0744,-44.3586,Hotel Bras√£o & Floricultura Bella Flor
492,Petropavlovka,RU,66.51,broken clouds,50.6114,105.3196,Tuyaa
493,Shimoda,JP,80.96,overcast clouds,34.6667,138.95,Shimoda Tokyu Hotel
494,Majene,ID,77.95,overcast clouds,-3.5403,118.9707,Kost Putri RABBANI
495,Meiktila,MM,77.65,overcast clouds,20.8667,95.8667,The Floral Breeze Wunzin Hotel
497,Hovd,MN,67.41,scattered clouds,48.0056,91.6419,Hotel Khovd
500,Olinda,BR,73.13,broken clouds,-8.0089,-34.8553,Flat Quatro Rodas Olinda
501,Carutapera,BR,76.41,few clouds,-1.195,-46.02,Lidera
502,Palauig,PH,80.42,moderate rain,15.435,119.9045,Villa Raphael Resort
503,Buala,SB,84.13,light rain,-8.145,159.5921,Maringe Lagoon Lodge
506,Chai Badan,TH,79.36,overcast clouds,15.2,101.1333,Narai Grand Hotel
508,Mandalgovi,MN,70.09,broken clouds,45.7625,106.2708,–í.–ì–∞–Ω–±–∞—Ç
509,Cadillac,US,77.79,clear sky,44.2519,-85.4012,"Holiday Inn Express & Suites Cadillac, an IHG Hotel"
511,Maebaru,JP,83.88,few clouds,33.55,130.2,Guest house Kotonoha
514,Buenaventura,CO,77.29,broken clouds,3.8801,-77.0312,Hotel Victoria
523,Port-Gentil,GA,75.16,broken clouds,-0.7193,8.7815,Fengshui Residence
525,Roma,US,73.72,scattered clouds,43.2128,-75.4557,Wingate By Wyndham Rome
526,Sao Gabriel Da Cachoeira,BR,73.9,overcast clouds,-0.1303,-67.0892,Alarne - √Årea De Lazer Do Alto Rio Negro
527,Ranong,TH,75.13,overcast clouds,9.9658,98.6348,Numsai Khaosuay Resort Ranong
531,Rabo De Peixe,PT,67.28,few clouds,37.8,-25.5833,Quinta das Giestas
532,Kapit,MY,72.7,overcast clouds,2.0167,112.9333,Hotel Meligai Kapit
535,Hirado,JP,76.75,clear sky,33.3597,129.5531,Samson Hotel
536,Ojo Caliente,MX,77.74,overcast clouds,22.5708,-102.2519,MINERVA
539,Touros,BR,75.83,broken clouds,-5.1989,-35.4608,INN NEW HORIZON
541,Mandera,KE,75.99,scattered clouds,3.9366,41.867,Red Sea Resort & Suites Mandera County
543,Japura,ID,73.0,moderate rain,-0.3167,102.35,Rumah mbah Jamah
545,Vostok,RU,69.28,overcast clouds,46.4856,135.8833,
546,Atambua,ID,73.36,overcast clouds,-9.1061,124.8925,Kost Alfa Flat
547,Santa Cruz,BO,69.85,clear sky,-17.8,-63.1667,Aviador Hotel Boutique
548,Wanning,CN,79.54,overcast clouds,18.8003,110.3967,Paradise Hotel
550,Punta De Piedra,VE,76.39,overcast clouds,7.6176,-71.4916,Casa 7 Punta de Piedra
552,Sao Jose Da Coroa Grande,BR,75.02,light rain,-8.8978,-35.1478,Cr√¥a Mares Hotel
554,Kikwit,CD,71.98,broken clouds,-5.041,18.8162,HOTEL PLACE YALABA
555,Neepawa,CA,70.2,overcast clouds,50.2289,-99.4664,"Westway Inn Motel, Neepawa"
558,Bima,ID,77.02,overcast clouds,-8.4667,118.7167,Lambitu Hotel
559,Luganville,VU,79.34,broken clouds,-15.5333,167.1667,The Espiritu Hotel
562,Xinqing,CN,69.53,scattered clouds,48.2333,129.5,
564,Dhidhdhoo,MV,81.19,overcast clouds,6.8833,73.1,Dhidhoo beach
568,Alto Araguaia,BR,67.26,clear sky,-17.3147,-53.2153,Araguaia Palace Hotel
570,Zemio,CF,67.55,light rain,5.0314,25.1361,OCHA Office
571,Ternate,ID,81.0,few clouds,0.8,127.4,Sahid Bela Ternate Hotel
572,Shirokiy,RU,70.68,clear sky,49.758,129.523,
573,Sozopol,BG,66.54,clear sky,42.4167,27.7,Villa List
576,Nishihara,JP,83.86,light intensity shower rain,26.1842,127.7558,Minshuku Agaihama
577,Antalaha,MG,68.27,light rain,-14.9003,50.2788,Hotel Vitasoa
579,Cornwall,CA,69.04,scattered clouds,45.0181,-74.7281,Ramada by Wyndham Cornwall
582,Kutum,SD,76.23,broken clouds,14.2,24.6667,Dibbo areaŸÖŸÜÿ∑ŸÇÿ© ÿØÿ®Ÿà
583,Neiafu,TO,79.95,overcast clouds,-18.65,-173.9833,Mystic Sands Beachfront Accommodation
586,Cayenne,GF,75.24,light rain,4.9333,-52.3333,H√¥tel Le Dronmi
588,Broome,US,76.69,clear sky,42.2506,-75.833,Chenango Valley State Park
589,Haines Junction,CA,75.15,scattered clouds,60.7522,-137.5108,Parkside Inn
590,Karatau,KZ,79.25,broken clouds,43.1667,70.4667,Baza Zika
591,Matara,LK,78.8,broken clouds,5.9485,80.5353,Amaloh Boutique Resort
592,Adre,TD,78.75,broken clouds,13.4667,22.2,
595,Beira,MZ,68.09,scattered clouds,-19.8436,34.8389,Beira Terrace Hotel
596,Ipora,BR,69.58,clear sky,-16.4419,-51.1178,O√°sis Motel
599,Jutai,BR,75.96,broken clouds,-5.1833,-68.9,
600,Boyolangu,ID,73.33,light rain,-8.1181,111.8935,Yos ega cv
601,Tulum,MX,84.22,clear sky,20.2167,-87.4667,Kin Ha Tulum
602,Warri,NG,74.64,light rain,5.5167,5.75,BON Hotel Delta
606,Lastoursville,GA,74.48,overcast clouds,-0.8143,12.7287,Auberge Bon Coin 02
610,Kropotkin,RU,65.3,few clouds,45.4375,40.5756,Hotel Europe Kropotkin
611,Assiniboia,CA,76.82,clear sky,49.6334,-105.9845,Canalta Hotel Assiniboia
613,Kant,IN,81.79,heavy intensity rain,27.8,79.8,Sumit Verma
614,Kawalu,ID,68.68,broken clouds,-7.3817,108.2082,West Jontor
615,Srandakan,ID,74.55,overcast clouds,-7.9386,110.2506,Puri Brata
616,Ciechanow,PL,65.41,scattered clouds,52.8814,20.62,Hotel ATENA
617,Jacareacanga,BR,76.82,broken clouds,-6.2222,-57.7528,Casa do Ianüòé
618,Yambio,SS,66.25,broken clouds,4.5721,28.3955,Naivasha Hotel
624,Morondava,MG,65.44,clear sky,-20.2833,44.2833,La Case Bambou
626,Ocampo,MX,73.11,broken clouds,21.65,-101.5,Hotel Estancia del Vaquero
629,Padang,ID,71.65,overcast clouds,-0.9492,100.3543,Mercure Padang
630,Bambanglipuro,ID,74.19,overcast clouds,-7.95,110.2833,Puri Brata
631,Road Town,VG,84.29,scattered clouds,18.4167,-64.6167,"ZINGARA 76ft Catamaran, full crew-all included"
632,Iracoubo,GF,73.27,overcast clouds,5.4802,-53.2011,Le G√Æte d‚ÄôIracoubo
636,Machilipatnam,IN,84.07,overcast clouds,16.1667,81.1333,R&B Bungalow
637,Bukama,CD,66.38,scattered clouds,-9.2,25.85,
640,Tahta,EG,83.89,clear sky,26.7693,31.5021,ŸÅŸÜÿØŸÇ ÿßŸÑÿ≤Ÿäÿßÿ™
642,Virginia Beach,US,83.01,broken clouds,36.8529,-75.978,Hilton Virginia Beach Oceanfront
644,Zhireken,RU,75.13,broken clouds,52.8249,117.3076,Gostinitsa
645,Chato,TZ,67.96,broken clouds,-2.6378,31.7669,Kagudule Lodge
646,Nuevo Progreso,MX,84.54,broken clouds,23.1667,-97.95,Balneario Rio el Paraiso
647,Moose Factory,CA,68.0,scattered clouds,51.2585,-80.6094,Cree Village Eco Lodge
648,Karangampel,ID,73.17,broken clouds,-6.4622,108.4519,ROOFTOP WAG ALL
649,Bhatkal,IN,79.05,light rain,13.9667,74.5667,Nilawar Palace
650,Jimenez,MX,80.42,broken clouds,28.3333,-105.4,El torreon
651,Nova Olimpia,BR,72.52,scattered clouds,-14.7972,-57.2881,Motel glamour
654,Vanimo,PG,81.55,broken clouds,-2.6741,141.3028,Vahmoneh Lodge Vanimo
655,Danjiangkou,CN,78.57,clear sky,32.5428,111.5086,Dongsheng Guesthouse
657,Gillette,US,78.87,light rain,44.2911,-105.5022,National 9 Inn - Gillette WY
658,Muroto,JP,78.85,clear sky,33.2833,134.15,Oota Ryokan
659,Natal,BR,73.62,clear sky,-5.795,-35.2094,Villa Park Hotel | Natal
660,Hamirpur,IN,82.13,overcast clouds,25.95,80.15,Bundalkhand kurara transport company
661,Quibdo,CO,77.18,broken clouds,5.6947,-76.6611,Domus Goval Hotel Quibd√≥
663,Alhaurin El Grande,ES,67.86,clear sky,36.643,-4.6873,Hotel Alhaur√≠n Golf Resort
667,Vardo,NO,73.38,scattered clouds,70.3705,31.1107,Vard√∏ Hotel AS
671,Shingu,JP,82.94,clear sky,33.7333,135.9833,Shingu UI Hotel
672,Pilar,BR,73.33,scattered clouds,-9.5972,-35.9567,Pousada e churrascaria Manguaba
674,Paita,PE,65.17,clear sky,-5.0892,-81.1144,Hotel N√°utico de Paita
676,Bafia,CM,68.02,light rain,4.75,11.2333,Hotel born beyem
677,Grand Gaube,MU,66.6,overcast clouds,-20.0064,57.6608,Veranda Paul et Virginie Hotel & Spa
678,Assos,GR,76.26,clear sky,37.9333,22.8333,Enalio Suites
680,Jiuquan,CN,74.16,overcast clouds,39.7432,98.5174,Jiuquan Hotel
681,Ponta Delgada,PT,68.5,few clouds,37.7333,-25.6667,Vila Nova Hotel
684,Miri,MY,77.14,scattered clouds,4.4148,114.0089,"Mega Hotel, Miri"
685,Bacabal,BR,79.38,overcast clouds,-4.2917,-44.7917,Rancho Sol Nascente
688,Batasan,PH,80.11,moderate rain,12.7667,120.7833,Solwara Beach Resort
692,Mbour,SN,77.85,broken clouds,14.422,-16.9638,Tama Lodge
695,Sete,FR,71.94,clear sky,43.4018,3.6966,Hotel De Paris S√®te
698,Fuyang,CN,82.4,clear sky,32.9,115.8167,Fuyang Wanda Realm Hotel
699,Tuy Hoa,VN,81.59,moderate rain,13.0833,109.3,CenDeluxe Hotel Tuy Hoa
700,Jalu,LY,84.79,clear sky,29.0331,21.5482,ÿµÿßÿ≠ÿ®ÿ© ÿßŸÑŸÅÿÆÿßŸÖÿ©
701,Planeta Rica,CO,78.76,scattered clouds,8.4147,-75.5883,HOTEL MEDIA LUNA
702,Augusto Correa,BR,75.09,clear sky,-1.0217,-46.635,Fazenda Bacuri
703,Lewisporte,CA,71.31,few clouds,49.2499,-55.0482,Ocean View Bed & Breakfast
706,Puerto Santander,CO,78.21,overcast clouds,8.3636,-72.4063,Hotel Toronto
707,Bose,IT,71.74,few clouds,45.4612,8.0137,Locanda Borgo Antico
